CC(C)(CC1=CC=C(C=C1)OC)NCC(COC2=C(C(=CC=C2)Cl)C#N)O,5.958607314841775
CNC1CCC(C2=C1C=C(C=C2)CS(=O)C)C3=CC(=C(C=C3)Cl)Cl,7.050609993355087
CN1C2CCC1C3COC(=O)CCCCCCCCC(=O)NC4=CC=C(C3C2)C=C4,6.886056647693163
CC=CC1=CC=C(C=C1)C2CC3CCC(C2C(=O)OC)N3C,7.523845995168937
CN(C)CC1=C(C=CC(=C1)Br)OC2=CC=C(C=C2)SC,5.7447274948966935
COC(=O)C1C2CCC(O2)CC1C3=CC=C(C=C3)F,6.262807357295262
CCCC(C(=O)C1=CC=C(C=C1)C)N2CCCC2,6.974794234546415
CNC1CCC(C2=CC=CC(=C12)C(=O)NC)C3=CC(=C(C=C3)Cl)Cl,6.376750709602099
CC1=C(C=CC(=C1)Cl)OC2=C(C=C(C=C2)NS(=O)(=O)C)CNC,6.494850021680094
CC(CC1=CC=C(C=C1)Cl)N,6.372634143407268
CN1C2CCC1C(C(C2)C3=CC=C(C=C3)OC)C(=O)OCCC4=CC(=C(C=C4)N)I,8.602059991327963
CCCCC(C1CCCCN1)C2=CC=C(C=C2)Cl,7.427868613118876
CC1(CN(C2=C1C=CC=C2F)C(C3=CC(=CC=C3)F)C(CNC)O)C,4.641418003281486
C1C(C2=CC=CC=C2C1OC3=CC=CC=C3)N,5.698970004336019
COC1=C(C=C(C=C1)F)CCCC2CCC(O2)CN,5.15982324932186
CC1=C(C=CC(=C1)C2CC3CCC(C2C(=O)OC)N3)Cl,8.638272163982407
CC1=C(C2=C(N1CC3=CC(=CC=C3)OC(C)C(=O)O)C=C(C=C2)OC(F)(F)F)C(=O)C4=CC=C(C=C4)Cl,5.467245621007502
CNC1CCC(C2=C1C=C(C=C2)CNS(=O)(=O)C)C3=CC(=C(C=C3)Cl)Cl,7.045757490560675
C1CC2C(=C(CC1S2)C3=CC(=C(C=C3)Cl)Cl)C4=CC(=NO4)C5=CC=CC=C5,6.478861916295964
CN1C2CCC1CC(C2)(C3=CC=CC(=C3)C4=CC=CC=C4)O,4.6595558851598815
C1CC2C(C(CC1S2)C3=CC=C(C=C3)F)C4=CC(=NO4)C5=CC=CC=C5,6.8254195386535255
C1CC2CC(CC1N2)OC3=CC=CC(=C3)C4=CC=CC(=C4)C#N,6.317854923626168
CNCCC(C1=CC2=CC=CC=C2C=C1)N3N=CN=N3,5.906578314837764
CCOC(=O)CCC1=CC(=C(C=C1)OCC(CNC(C)(C)CC2=CC3=CC=CC=C3C=C2)O)C#N,10.229147988357855
C1CNCCC1OCC2=CC3=CC=CC=C3C=C2,5.529990922496866
C=CCN(CC=C)C(=O)C1(CC1CN)C2=CC3=C(C=C2)OCCO3,5.200659450546418
CC1=CC=CC=C1N2C3=CC=CC=C3N(S2(=O)=O)CCC(CNC)O,5.680542222602742
C1C(CN1)N(CC2=CC=C(C=C2)Cl)C3=CC=CC=C3F,6.3819519032879075
CNC1CCC(C2=C1C=C(C=C2)S(=O)C)C3=CC(=C(C=C3)Cl)Cl,7.045757490560675
CC(C(=O)C1=CC(=CC=C1)Cl)N2CCCCC2,6.027730041856859
CN1C2CCC1C(C(C2)C3=CC=C(C=C3)OC)C(=O)OCCC4=CC(=C(C=C4)N)Br,8.481486060122112
CN1CC(C2=C(C1)C=C(C=C2)CN(C)C)C3=CC4=C(C=C3)SC=C4,8.275724130399212
C1CC(OC1CN)C2=CC=C(C=C2)Br,6.777283528852417
C=CCN(CC(=C)F)C(=O)C1(CC1CN)C2=CC3=C(C=C2)OCCO3,5.537602002101044
COC(=O)C1C2CCC(O2)CC1OC(C3=CC=C(C=C3)F)C4=CC=C(C=C4)F,5.2093985851346085
[C-]#[N+]C1=CC=C(C=C1)C2=CC3=C(C=C2)C4(CCN(C3)C4)C5=CC=C(C=C5)Cl,6.347173697438995
C1CNCC1N(CC2=C(C(=CC=C2)Cl)Cl)C3CCOCC3,7.050609993355087
CC1=CC=CC=C1OC2CC(C3=CC=CC=C23)NC,6.04098483160756
COC(=O)C1=C(CC2CCC1S2)C3=CC=C(C=C3)Cl,7.886056647693163
CN1C2CCC1C3COC(=O)CCCCC(=O)NC4=CC=C(C3C2)C=C4,6.050609993355087
CN(C)CC1=CC=CC=C1C(C2=CC(=C(C=C2)Cl)Cl)O,5.7447274948966935
CC1=NOC(=C1)C2=C(CC3CCC2S3)C4=CC=C(C=C4)Cl,6.809668301829708
CC1=NOC(=C1C2=CC=C(C=C2)OC)C3C4CCC(N4C)CC3C5=CC=C(C=C5)Cl,7.088309841246139
CC1=CC=C(C=C1)C(=O)C2CN(CCC2(C3=CC=C(C=C3)C)O)C,6.135850255552932
CC(C1(CCCCC1)C2=CC=CS2)N,6.0
C1CC(OC1CCC2=CC=C(C=C2)O)CCN,5.596536298654683
CNC1CCC(C2=C1C=C(C=C2)CC(=O)O)C3=CC(=C(C=C3)Cl)Cl,5.292429823902063
CN1CCCCCCCCCC(=O)OCC2C3CCC(N3C)CC2C4=CC=C1C=C4,6.823908740944319
CNC1CCC(C2=C1C=C(C(=C2)C(=O)N)NS(=O)(=O)C)C3=CC(=C(C=C3)Cl)Cl,5.443697499232712
CC1CNCC(=O)N(C1)C2=CC(=C(C=C2)Cl)Cl.Cl,5.3979400086720375
CN1CCN(CC1)CC(C2=CC(=CC=C2)Cl)C3(CCCCC3)N,7.522878745280337
CC1=CC(=CC=C1)OC(CC2CNC2)C3=CC(=C(C=C3)Cl)F,7.096910013008056
CS(=O)(=O)N(CC1=CC2=CC=CC=C2C=C1)C3CCNC3,5.552841968657781
CNCC1(CCCCC1)C2=CC3=CC=CC=C3C=C2,7.045757490560675
CN(C)CC1(CCCCC1)C2=CC(=CC=C2)C(F)(F)F,6.204119982655925
COC1=CC=CC=C1CC(C2=CC=CC=C2)N3CCNCC3,4.958607314841775
COC(=O)C1C2CCC(O2)CC1C3=CC=CC=C3,5.721246399047171
C1C(CN1)CC(C2=CC(=C(C=C2)Cl)Cl)OC3=CC=C(C=C3)F,6.889410289700751
CCS(=O)(=O)N1CCN(CC1)C2=CC=C(C=C2)C34CCN(CC3)CC5=C4C=CC(=C5)N6CCN(CC6)S(=O)(=O)CC,5.396098168268328
C1CN2CCC1(C3=C(C2)C=C(C=C3)C4=CN=CN=C4)C5=CC=C(C=C5)Cl,6.806041021980813
CCN(CC)C(=O)C1(CC1CN)C2=CC3=CC=CC=C3S2,5.619788758288394
CN1CC(C2=CC=CC=C2C1)C3=CC4=C(C=C3)NN=C4,7.638272163982407
C1CN(C2=CC=CC=C21)C(=O)C3(CC3CN)C4=CC5=C(C=C4)OCO5,6.1938200260161125
CN(C)CC1CC1C2=C3C=C(C=CC3=NN2)C#N,4.356547323513812
CN1C2CCC1C(C(C2)C3=CC=C(C=C3)Cl)C4=CN(N=N4)CCN5CCCCC5,8.096910013008056
CNCC1(CC2=CC=CC=C2C1OC3=CC=CC=C3C4=CC=CC5=CC=CC=C54)O,5.0
C1CN(CCN1CCCC2=CC=C(C=C2)NC(=O)CCCCC3C4C(CS3)NC(=O)N4)CCOC(C5=CC=C(C=C5)F)C6=CC=C(C=C6)F,7.443697499232712
C1C(CN1)CC(C2=CC(=C(C=C2)Cl)F)OC3=CC(=CC=C3)F,7.443697499232712
CCCN1C2CCC1C(C(C2)C3=CC=C(C=C3)SC)C(=O)OC,7.130768280269024
CN(C)CCC(C1=CC2=CC=CC=C2C=C1)N3N=CN=N3,6.210419287835574
CCN(CC)C1CC(C2=CC=CC=C12)OC3=CC=CC=C3C,5.6020599913279625
CN1C2CCC1C(C(C2)C3=CC=C(C=C3)Cl)C4=CC(=NO4)C5=CC=C(C=C5)OC,8.606517870282133
CN1C2CCC1C3COC(=O)CCCCCCCC(=O)NC4=CC=C(C3C2)C=C4,6.3872161432802645
C1C2C1(CNC2)C3=CC(=C(C=C3)Cl)Cl,6.914236339671051
CC1=CC=CC(=C1)C(=O)C(C)N2CCCCC2,6.3829996588791005
C1CCC(CC1)(CN2CCCCC2)C3=CC(=C(C=C3)Cl)Cl,7.920818753952375
COC(=O)C1=C(CC2CCC1O2)C3=CC4=CC=CC=C4N3,6.4736607226101555
CC1=C(C(=CC=C1)OC2C3=CC=CC=C3CC2(CNC)O)C,5.455931955649724
COC(=O)C1=CC=CC=C1C2=CC=C(C=C2)F,4.795880017344075
CC1=CC=C(C=C1)C2CC3CCC(C2C4=CC(=NO4)CC5=CC=C(C=C5)F)N3C,8.229147988357855
CC1=C(C=CC(=C1)C(=O)C(C)NC(C)(C)C)Br,5.786785037402505
CC(=O)C(C1CCCCN1)C2=CC=CC=C2,6.721246399047171
CCOC(=O)C1CC12C3=C(C=CC(=C3)C4=CC=CC=C4)NC2=O,6.619788758288394
COC(=O)C(C1CCCCN1CC2=CC(=CC=C2)N=[N+]=[N-])C3=CC=C(C=C3)I,5.098759697926691
CC1=CC=CC=C1OC(CCNC)C2=CC=CC=C2,5.518606613546046
CN1C2CCC1C(C(C2)C3=CC(=C(C=C3)OC)F)C(=O)OC,7.795880017344075
C1CN(CCC1CCOC(C2=CC=C(C=C2)F)C3=CC=C(C=C3)F)CC4=CC5=CC=CC=C5C=C4,8.142667503568731
CNC1CCC(C2=C1C=CC(=C2)C(=O)N(C)C)C3=CC(=C(C=C3)Cl)Cl,6.036212172654444
C1CN2CC3=C(C1(C2)C4=CC(=C(C=C4)Cl)Cl)C=CC(=C3)C5=CN6C(=NC=N6)C=C5,7.365681766669711
CN(C)CC1(CCCCC1)C2=CC(=CC=C2)F,6.262807357295262
COC(=O)C(C1CCCCN1CC2=CC(=CC=C2)N=[N+]=[N-])C3=CC(=CC=C3)I,5.334700500500103
CCCC(C(=O)C1=CC=C(C=C1)C#CC)N2CCCC2,7.928117992693874
CC1=CC=C(C=C1)C2CC3CCC4C2C(CN34)(C)O,6.4089353929735005
CC1=CC2=C(C=C1)C(CN(C2)C)C3=CC4=C(C=C3)SC=C4,7.920818753952375
CCC1C(=O)N(CCCN1)C2=CC3=CC=CC=C3C=C2,6.886056647693163
CC(C(=O)C1=CC=CC=C1)NC(C)(C)C,5.636388020107855
C1C(CN1)N(CC2=CC3=CC=CC=C3C=C2)C4=CC=CC=C4.Cl,6.168770306132936
C1CCC(C1)N(C2CCNC2)C(=O)C3=CC4=CC=CC=C4C=C3,5.130768280269024
COC(=O)C1=C(CC2CCC1O2)C3=CC=C(C=C3)F,5.5638373529592435
CNCCC(C1=CC=CC=C1)OC2=CC=C(C=C2)C(F)(F)F,5.009038008233805
CN(C)CCC(C1=CC(=C(C=C1)Cl)Cl)N2N=CN=N2,7.107905397309519
C1CCN(CC1)C(=O)C2(CC2CN)C3=CC=CC=C3,5.337242168318426
CC1C(=O)N(CCCN1)C2=CC3=CC=CC=C3C=C2,6.468521082957745
C1CNCC1N(CC2=C(C(=CC=C2)Cl)Cl)CC3=CC=CC=N3,6.908365078158598
C1C(CN1)N(CC2=CC=CC=C2)CC3=CC4=CC=CC=C4C=C3,6.391473966422806
CCC(CC)C(C1CCCCN1)C2=CC=C(C=C2)Cl,6.270303756120343
CC1C(OCC(N1)(C)C)(C2=CC(=CC(=C2)Cl)Cl)O,6.0835460514500745
CC(C(=O)C1=CC(=CC=C1)Br)NC(C)(C)C,6.156927747288108
CN1C2CC(C(C1CC2O)C(=O)OC)C3=CC=CC=C3,5.050044192922753
CN1C2CC(C(C1CC2O)C(=O)OC)C3=CC=C(C=C3)F,6.226418591282737
CC1=CC=CC=C1OC2CC(C3=CC=CC=C23)N(C)C,5.234260541478872
CCCC(C(=O)C1=CC=C(C=C1)F)N2CCCC2,6.732828271596986
CC(C1(CCCCC1)C2=CC3=CC=CC=C3C=C2)N,7.019960711083896
CN(C)CC1=CC=CC=C1OC2=CC=C(C=C2)OC(F)(F)F,5.236572006437063
CN1C2CCC1C(=C(C2)C3=CC=C(C=C3)F)C(=O)OC,6.3893398369101195
C1CN(CCN1CCCC(C2=CC=C(C=C2)F)C3=CC=C(C=C3)F)C(=O)CCCC4=CC=CC=C4,6.020451625295905
C1C(CN1)C(C2=CC(=C(C=C2)Cl)Cl)OC3=CC=CC=C3,7.162411561764489
CN1C2CCC1C(C(C2)OC(C3=CC=CC=C3)C4=CC=C(C=C4)Br)C(=O)OC,7.619788758288394
CNC1CCC(C2=C1C=C(C(=C2)C(=O)O)NS(=O)(=O)C)C3=CC(=C(C=C3)Cl)Cl,4.889410289700751
CN(C)CC1=C(C=CC(=C1)NS(=O)(=O)C)OC2=CC=C(C=C2)C(F)(F)F,4.958607314841775
CC1C(OCC(N1)(C)C)(C2=CC=CC=C2)O,5.972650392225244
CC(C(=O)C1=CC(=CC=C1)F)NC(C)(C)C,5.735079579662893
C1CC2CC(CC1N2)OC3=CC=CC(=C3)[N+](=O)[O-],5.696803942579511
CC1C(OCC(N1)(C)C)(C2=CC(=CC=C2)Cl)O,6.577923526561349
CC(C)(C)CC(C1CCCCN1)C2=CC=C(C=C2)Cl,6.697886973456972
COC(=O)C1=C(CC2CCC1O2)C3=CC=C(C=C3)I,7.167491087293763
CN1CC(C2=CC=CC=C2C1)C3=CN4C(=CC=N4)C=C3,7.356547323513812
CCCC(C(=O)C1=CC=C(C=C1)C2=CC=CO2)N3CCCC3,6.913640169325252
C1CN2CCC1(C3=C(C2)C=C(C=C3)C4=NN=C(C=C4)C(F)(F)F)C5=CC(=C(C=C5)F)Cl,6.919373513078194
CC1=NOC(=C1)C2C3CCC(S3)CC2C4=CC=C(C=C4)Br,7.592743023815881
CN(C)CC1=C(C=CN=C1)OC2=C(C=C(C=C2)Cl)Br,5.7055337738384075
COC(=O)C1C2CCC(N2)CC1C3=CC=C(C=C3)SC,7.552841968657781
CNCC1=C(C=CC(=C1)C(=O)N)CC2=CC(=C(C=C2)Cl)Cl,6.978810700930062
CN(C)CC1C2CCC(C2)C1C3=CC=CC4=CC=CC=C43,5.8198741248359465
COC(=O)C1C2CCC(O2)CC1C3=CC4=CC=CC=C4N3,6.615445848808168
C1CN(CCC1NC(=O)OCCC2=CC=C(C=C2)C#N)CCCC(C3=CC=C(C=C3)F)C4=CC=C(C=C4)F,6.1073489661227
C1CNCC1COC2=CC3=CC=CC=C3C=C2,6.0
C1CN(CCC1CCOC(C2=CC=C(C=C2)F)C3=CC=C(C=C3)F)CC4=CC=CC=C4,7.455931955649724
COC1=CC2=C(C=C1)C3(CCN(C2)CC3)C4=CC=C(C=C4)Cl,7.2839966563652006
CC(C)CC(C1CCCCN1)C2=CC=C(C=C2)C(C)C,5.3979400086720375
CC1=CC=C(C=C1)CC2=NOC(=C2)C3C4CCC(N4C)CC3C5=CC=C(C=C5)C,8.161150909262744
CCCCCC(C(=O)C1=CC(=CC=C1)Cl)NC(C)(C)C,5.804100347590767
COC(=O)C1C2CCC(N2CCCC3=CC=CC=C3)CC1OC(C4=CC=C(C=C4)F)C5=CC=C(C=C5)F,7.657577319177793
CCOC(C1CNC1)C2=CC=C(C=C2)Cl,5.709965388637482
C1CCC(CC1)CC(C2CCCCN2)C3=CC=C(C=C3)Cl,6.512744153630885
CC(CC1=CC2=C(C=C1)OCO2)N,6.050609993355087
CN(C)CC1CC1C2=CC3=CC=CC=C3C=C2,5.619788758288394
CCCN1C2CCC1C(C(C2)C3=CC=C(C=C3)SCC)C(=O)OC,6.045757490560675
CCCCCC(C1CCCCN1)C2=CC=C(C=C2)Cl,6.7669370647905716
C1CNCC1OCC2=CC3=C(C=C2)C=C(C=C3)F,5.6777807052660805
CN(C)CC1=CC=CC=C1OC2=CC=C(C=C2)C3CC3,5.376750709602099
CNCC1(CCCCC1)C2=CC(=C(C=C2)Cl)Cl,7.6777807052660805
C1C(C2=C(CN1)C=C(C=C2)C3=NN=C(C=C3)OC(F)F)C4=CC(=C(C=C4)Cl)Cl,7.29929628285498
C1CN(CCN1CCCC2=CC=C(C=C2)NC(=O)CCCCC3C4C(CS3)NC(=O)N4)CCOC(C5=CC=CC=C5)C6=CC=CC=C6,7.958607314841775
C1CNCCC1C(C2=CN=CC=C2)OC3=CC(=CC=C3)Cl,5.795880017344075
CC1=C(C=CC=C1F)OC2C3=CC=CC=C3CC2(CNC)O,5.522878745280337
COC1=CC=CC(=C1)OC2CC3CCC(C2)N3,5.556737012541305
C1C(=O)N(CC(CN1)(F)F)C2=CC(=C(C=C2)Cl)Cl.Cl,5.0915149811213505
C1CN2CCC1(C3=C(C2)C=C(C=C3)C4=CC5=C(C=C4)NC(=O)O5)C6=CC(=C(C=C6)Cl)Cl,7.5934598195660445
COC1=CC=C(C=C1)C2(C3=CC=CC=C3C4=NCCCN42)O,7.517126416391246
C1C(CN1)CN(CC2=CC=C(C=C2)F)C3=CC=CC=C3.C(=O)(C(F)(F)F)O,6.7281583934635005
CCNCC1(CCCCC1)C2=CC(=C(C=C2)Cl)Cl,8.397940008672037
C1COC2=CC=CC=C2N1C(=O)C3(CC3CN)C4=CC5=C(C=C4)OCO5,5.292429823902063
CNCC1=CC=CC=C1CC2=CC(=C(C=C2)Cl)Cl,5.698970004336019
CN1C2CCC1C(C(C2)C3=CC=C(C=C3)Cl)C4=CC(=NO4)C5=CC=C(C=C5)Cl,8.192464971931146
CN(C)CC1(CCCCC1)C2=CC3=CC=CC=C3C=C2,8.522878745280337
CC1=NC=C(C(=C1)OC2=C(C=C(C=C2)Cl)OC)CN(C)C,5.297569463554474
C1CCN(C1)C(CCN2CCOCC2)C3=CC(=C(C=C3)Cl)Cl,6.623423042943488
CN(C)CC1C2CCC(C2)C1C3=CC4=CC=CC=C4C=C3,7.057659951292142
COC(=O)C1=C(CC2CCC1O2)C3=CC4=CC=CC=C4O3,6.45717457304082
C1CC2C(C(CC1S2)C3=CC(=C(C=C3)Cl)Cl)C4=CC(=NO4)C5=CC=CC=C5,6.43694566563213
COC1=C(C=C(C=C1)F)CCC2CCC(O2)CN,4.766242933040055
CN1C2CCC1C(C(C2)C3=CC=C(C=C3)I)C(=O)OC,8.773747742691864
CNC1CC(C2=CC=CC=C12)OC3=CC=C(C=C3)Cl,5.3979400086720375
COC(=O)C1C2CCC(N2CCCCCC3=CC=CC=C3)CC1OC(C4=CC=C(C=C4)F)C5=CC=C(C=C5)F,7.00436480540245
C1CC2C(=C(CC1S2)C3=CC=C(C=C3)Br)C4=CC(=NO4)C5=CC=CC=C5,6.899629454882437
C1CN(CCN1)C(CC2=CC=CC=C2Cl)C3=CC=C(C=C3)F,5.795880017344075
CC(C)(CC1=CC2=CC=CC=C2C=C1)NCC(COC3=C(C=C(C=C3)CCC(=O)O)C#N)O,8.55284196865778
CC(C)CC(C1CCCCN1)C2=CC=C(C=C2)Cl,7.242858976070007
COC(=O)C1C2CCC(O2)CC1C3=CC4=CC=CC=C4S3,7.895242492728684
CC(=O)C1=C(N=C(S1)N2CCOCC2)C3=CC=CC=C3,7.1904402853647325
C1CN(CC=C1CC2=CC=CC=C2)CCC(C3=CSC4=CC=CC=C43)O,6.247183568811728
C1CN(CCN1)C(CC2=CC(=CC=C2)O)C3=CC=CC=C3,5.853871964321762
CC1=CC=C(C=C1)C2CC3CCC(C2C4=CC(=NO4)C5=CC=C(C=C5)F)N3C,8.190440285364732
C1CCC(CC1)(CN)C2=CC(=C(C=C2)Cl)Cl,6.823908740944319
C1CN2C(=N1)C3=CC=CC=C3C2(C4=CC5=CC=CC=C5C=C4)O,8.387216143280265
COC(=O)C1C2CCC(N2)CC1OC(C3=CC=C(C=C3)F)C4=CC=C(C=C4)F,7.698970004336019
CN1C2CCC1C(C(C2)C3=CC(=C(C=C3)Cl)Cl)COC(=O)CCCCCCCCCCC(=O)OCC4C5CCC(N5C)CC4C6=CC(=C(C=C6)Cl)Cl,6.939302159646388
C1CN2CCC1(C3=C(C2)C=C(C=C3)N4C=CC=CC4=O)C5=CC=C(C=C5)Cl,6.0672726326984705
CC(C)N(CC1CNC1)CC2=CC(=C(C=C2)Cl)Cl.Cl,6.481486060122112
CNC1CC2=CC=CC=C2N(C1)C3=CC(=C(C=C3)Cl)Cl,6.876013366819096
C1CC1N(CC2=CC(=C(C=C2)Cl)Cl)C3CNC3,6.576754126063192
COC1=C(C=C(C=C1)F)CCCCC2CCC(O2)CCN,4.426432226960782
C1C(CN1)CC(C2=CC(=C(C=C2)Cl)F)OC3=CC=CC=C3F,7.1938200260161125
CC1=CC=C(C=C1)C(C2=CC=C(C=C2)C)OC3CC4CCC(C3C(=O)OC)N4C,6.619788758288394
C1COC(CN1)CCN2C3=CC=CC=C3N(S2(=O)=O)C4=CC=CC=C4,6.186053543431098
CN1C2CC(C1CC(=C2C(=O)OC)C3=CC4=CC=CC=C4C=C3)O,6.609064892896621
CN1C2CCC1C(C(C2)C3=CC(=C(C=C3)OC)I)C(=O)OC,6.769551078621726
CN1CCN(CC1)C2CN3C=CC=C3SC4=C2C=C(C=C4)Cl,5.187086643357144
CCOC(=O)C1C(CC2CC(C1N2C)O)C3=CC(=C(C=C3)Cl)Cl,9.025061147981626
COC(=O)C(C1CCCCN1)C2=CC=C(C=C2)Cl,6.763621775341749
CC1=CC=CC=C1OC2C(CCC3=CC=CC=C23)CNC,5.42021640338319
CN1C2CCC1C(C(C2)C3=CC=C(C=C3)Cl)C(=O)C(F)(F)F,6.174055844200598
CN1C2CCC1C(C(C2)C3=CC(=C(C=C3)Cl)Cl)COC(=O)CCC(=O)OCC4C5CCC(N5C)CC4C6=CC(=C(C=C6)Cl)Cl,7.920818753952375
CN(C)CC1(CCCCC1)C2=CC=CC=C2,6.415668775632469
CN1C2CCC1C(C(C2)OC(C3=CC=CC=C3)C4=CC=C(C=C4)F)C(=O)OC,7.886056647693163
CC1=CC2=C(C=C1C)N=C(N2)C3C4CCC(N4C)CC3C5=CC=C(C=C5)Cl,8.136677139879545
CC1=CC=CC=C1OC2C(CC3=CC=CC=C23)CNC,5.36582804302463
CN1C2CCC1C(C(C2)C3=CC(=C(C=C3)S(=O)C)Br)C(=O)OC,7.119186407719209
C1CNCC1OCC2=CC3=CC=CC=C3C=C2,5.122062572163754
CN(C)CC1=C(C=CC(=C1)CNS(=O)(=O)C)OC2=CC=C(C=C2)OC(F)(F)F,5.236572006437063
CN(C)CC1C2CCC(C1C3=CC(=C(C=C3)Cl)Cl)CC2,7.552841968657781
CCC(C1=CC=CC=C1)OC2CC3CCC(C2C(=O)OC)N3C,5.8297382846050425
C1CN(CCN1CCCC2=CC=C(C=C2)NC(=O)CCCCCCCCCCS)CCOC(C3=CC=CC=C3)C4=CC=CC=C4,8.0
CNCC(CCN1C2=CC=CC=C2N(S1(=O)=O)C3=C(C=C(C=C3)F)F)O,5.7488800110206295
C1CN2C(=N1)C3=CC=CC=C3C2(C4=CC5=C(C=C4)OCO5)O,6.94692155651658
CC(C(=O)C1=CC(=C(C=C1)Cl)Cl)NC(C)(C)C,6.450724859053256
CNCC1=C(C=CC(=C1)S(=O)(=O)N)CC2=CC(=C(C=C2)Cl)Cl,7.070581074285707
CNCC1C(C2=CC=CC=C2CO1)OC3=CC=CC=C3SC,5.3979400086720375
CC1=C(C(=NO1)C)C2=CC3=C(C=C2)C(CNC3)C4=CC(=C(C=C4)Cl)Cl,7.325138859262188
CNCC(=O)CCN1C2=CC=CC=C2N(S1(=O)=O)C3=CC=CC=C3F,5.831207979685818
CN(C)C1CCN(C2=CC=CC=C12)C3=CC(=C(C=C3)Cl)Cl,6.547026543473468
COC(=O)C1=C(CC2CCC1O2)C3=CC=C(C=C3)Br,7.207608310501746
C1C(CN1)C(C2=CC=C(C=C2)Cl)OC(=O)C3=CC=CC=C3,6.496209316942819
C1CNCC1OCC2=CC3=C(C=C2)C=C(C=C3)C#N,6.064996848546345
CNCC1(CCCCC1)C2=CC(=C(C=C2)F)F,5.439017944413765
C1CNCC1N(CC2=C(C(=C(C=C2)F)F)F)C3CCOCC3,5.924453038607469
C1CN2CCC1(C3=C(C2)C=C(C=C3)N4C(=O)N5C=CC=CC5=N4)C6=CC=C(C=C6)Cl,7.425968732272281
C1CC2CC(CC1N2)OC3=CC(=CC=C3)F,6.1249387366083
CC1=CC=C(C=C1)C2CC3CCC(C2C4=CC=C(C=C4)F)N3C,9.045757490560675
C1CN2CC3=C(C1(C2)C4=CC(=C(C=C4)Cl)Cl)C=CC(=C3)C5=CC6=C(C=C5)NC(=O)O6,7.504386962153712
CNCC(CCN1C2=CC=CC=C2N(S1(=O)=O)C3=CC=CC=C3F)O,5.588269598547705
COC1=CC=C(C=C1)C2CCC(O2)CN,6.175223537524454
CCCC(C(=O)C1=CC=C(C=C1)O)N2CCCC2,7.303643611266668
CC(C)CN(C1CCNC1)C(=O)C2=CC3=CC=CC=C3C=C2,4.075351729582637
C1CN(CCC1CC(=O)NC(C2=CC=CC=C2)C3=CC=CC=C3)CC4=CC=C(C=C4)F,5.493089274448482
CNCCCN1C2=CC=CC=C2N(S1(=O)=O)C3=CC=CC=C3F,6.290730039024169
CC1=CC=C(C=C1)C2=NOC(=C2)C3C4CCC(N4C)CC3C5=CC=C(C=C5)OC,7.7447274948966935
C1CC1CN(CC2=C(C(=CC=C2)Cl)Cl)C3CCNC3,7.021340051572329
CN1C2CCC1C(C(C2)OC3C4=CC=CC=C4C5=CC=CC=C35)C(=O)OC,5.219682687859849
CC(C)(C)C1=CC=C(C=C1)C2CCC(O2)CN,5.366430557445908
CN1C2CC(C1C(=C(C2)C3=CC(=C(C=C3)Cl)Cl)C(=O)OC)O,7.533420794585803
CC1=CC2=NC=NN2C=C1C3=CC4=C(C=C3)C5(CCN(C4)CC5)C6=CC(=C(C=C6)Cl)Cl,7.3585258894959
CN(C)CC1=CC=CC=C1OC2=C(C=C(C=C2)Cl)F,6.375717904164332
CCCC(C(=O)C1=CC2=CC=CC=C2C=C1)N3CCCC3,7.3979400086720375
CCCCC(C(=O)C1=CC(=CC=C1)Cl)NC(C)(C)C,7.161150909262744
CC1=NOC(=C1)C2=C(CC3CCC2S3)C4=CC=C(C=C4)Br,6.856985199745905
CNCC(CCN1C2=CC=CC=C2N(S1(=O)=O)C3=CC=CC=C3)O,5.675100502947687
CC1=C(C=CC=C1Cl)OC2C(OCC3=CC=CC=C23)CNC,5.853871964321762
CC1(CN(C2=C1C=CC=C2F)C(C3=CC=CC=C3)C(CNC)O)C,4.67929302569041
CCC(C(=O)C1=CC(=CC=C1)Cl)NC(C)(C)C,7.094246010027352
C1CN2CCC1(C3=C(C2)C=C(C=C3)C4=CN5C(=NC=N5)C=C4)C6=CC(=C(C=C6)F)Cl,7.107905397309519
CNC1CCC(C2=C1C=C(C=C2)O)C3=CC(=C(C=C3)Cl)Cl,6.443697499232712
C1C(CN1)C(C2=CC=CC=C2)OC(=O)C3=CC=CC=C3,5.773915884024176
C1CC(OC1CN)C2=CC=CC=C2,6.8326826652518236
C1C(C2=C(CN1)C=C(C=C2)N3C(=O)C=CC=N3)C4=CC(=C(C=C4)Cl)Cl,7.52432881167557
C1CN2CC3=C(C1(C2)C4=CC=C(C=C4)Cl)C=CC(=C3)O,7.268411234813261
CC1=NN=C2N1C=C(C=C2)C3=CC4=C(C=C3)C5(CCN(C4)CC5)C6=CC=C(C=C6)Cl,6.6585654754218595
CNC1CCC(C2=C1C=C(C=C2)C(=O)N(C)C)C3=CC(=C(C=C3)Cl)Cl,6.568636235841012
COC(=O)C(C1CCCCN1CC2=CC=CC=C2N=[N+]=[N-])C3=CC(=CC=C3)I,5.569280112136718
C1C(C2=C(CN1)C=C(C(=C2)F)C3=CC=C(C=C3)C(=O)N)C4=CC(=C(C=C4)Cl)Cl,8.236572006437063
CN(C)CC1CC1C2=CC3=C(C=C2)C=C(C=C3)C#N,5.958607314841775
CC(C1(CCCCC1)C2=CC=C(C=C2)OC(F)(F)F)N,5.638272163982407
CN1C2CCC1C(C(C2)C3=CC=C(C=C3)Cl)C#CC4=CC=CC=C4,9.096910013008056
COC(=O)C1=CC=CC=C1C2=CC3=CC=CC=C3C=C2,6.838631997765026
C1CCCC(CC1)(CN)C2=CC(=C(C=C2)Cl)Cl,7.1249387366083
CNCC1(CCCCC1)C2=CC=CC3=CC=CC=C32,5.750312572194698
C1CN2CCC1(C3=C(C2)C=C(C=C3)OC4=NN=C(C=C4)C(F)(F)F)C5=CC(=C(C=C5)F)Cl,8.045757490560675
COC(=O)C(C1CCCCN1)C2=CC(=CC=C2)I,7.853871964321762
C1CN(CCC12C(=O)NCN2C3=CC=CC=C3)C(=O)OCC4=CC(=CC=C4)OC5=CC=CC=C5,5.531652669587842
CC(C)CC(C1CCCCN1)C2=CC=C(C=C2)OC,7.0
COC1=C(C=C(C=C1)C2=NN(C(=O)C3C2CC=CC3)CCCCCNCCC(C4=CC=CC=C4)OC5=CC=C(C=C5)C(F)(F)F)OC,5.223080997157954
CCN(CC)C(=O)C1(CC1CN)C2=CC3=C(C=C2)SC=C3,5.886056647693163
C1CC(C1)N(C2CCNC2)C(=O)C3=CC4=CC=CC=C4C=C3,5.236572006437063
C1CNCC1C(C2=CC=CC=N2)OC3=C(C(=CC=C3)Cl)Cl,6.103539066901757
C1C(C2=C(CN1)C=C(C=C2)C3=CN4C(=NC=N4)C=C3)C5=CC(=C(C=C5)Cl)Cl,7.334455627489098
CN1C2CC(C(C1CC2O)C(=O)OC)C3=CC(=C(C=C3)Cl)Cl,7.923274899250614
COC(=O)C(C1CCCCO1)C2=CC=CC=C2,5.20446769648675
CC1=CC(=C2C(=C1)C3=NCCN3C2(C4=CC=C(C=C4)Cl)O)C,7.1732774798310075
CC1=CC(=CC=C1)OC(C2CNC2)C3=CC(=C(C=C3)Cl)Cl,7.209011524911184
CC(C)N(C(C)C)C(=O)C1(CC1CNC(=O)CN)C2=CC=CC=C2,5.337242168318426
CC1=CC=CC=C1OC2CC(C3=CC=CC=C23)N,6.221848749616356
C1CN2CCC1(C3=C(C2)C=C(C=C3)C4=CN5C(=NC=N5)C=C4)C6=CC(=C(C=C6)Cl)Cl,7.732828271596986
CCC(C(=O)OCC(C)C)NC(CC(C)C)C1(CCC1)C2=CC=C(C=C2)Cl,6.431798275933005
CNCC1=CC=CC=C1CC2=CC=C(C=C2)SC,5.229147988357855
C1CN(CCN1)C(CC2=CC=CC=C2Cl)C3=CN=CC=C3,5.036212172654444
C1CN2CCC1(C3=C(C2)C=C(C=C3)OC4=NN=C(C=C4)C(F)(F)F)C5=CC(=CC=C5)Cl,7.252588192113577
CC1C(=O)N(CCCN1)C2=CC3=CC=CC=C3C=C2.Cl,6.795880017344075
CC1=CC=C(C=C1)C2CC3CCC4C2C(CN34)(C5=CC=CC=C5)O,7.050609993355087
CN(C)CC1=CC=CC=C1OC2=CC=C(C=C2)Cl,6.953289157417324
CCCC(CN1CCCC1)C(=O)C2=CC(=C(C=C2)Cl)Cl,5.537602002101044
CN(C)CC1=CC=CC=C1OC2=C(C=C(C=C2)F)Cl,5.671620396561263
CCOC(=O)C1CC12C3=C(C=CC(=C3)C#N)NC2=O,6.886056647693163
CC1=CC=CC=C1OC2CC(CC3=CC=CC=C23)NC,5.221848749616356
CN1C2CCC1C(=C(C2)C3=CC(=C(C=C3)Cl)Cl)C(=O)OC,8.928180382362806
COC(=O)C(C1CCCCN1CC2=CC=CC=C2N=[N+]=[N-])C3=CC=C(C=C3)I,5.909389292171593
CN1C2CCC1CC(C2)(C3C4=CC=CC=C4C5=CC=CC=C35)O,6.265200170411153
C1CN2CCC1(C3=C(C2)C=C(C=C3)OC(F)F)C4=CC(=C(C=C4)Cl)Cl,7.258060922270801
CC(C)(CC1=CC2=CC=CC=C2C=C1)NCC(COC3=CC=CC=C3C#N)O,11.0
CC(C1(CCCCC1)C2=CC(=C(C=C2)Cl)Cl)N,6.673129226328824
CCC1=C(C=CC(=C1)Cl)OC2=CC(=NC=C2CNC)C,4.467245621007502
CC1=C(C(=CC=C1)CN(C2CCOCC2)C3CCNC3)C,6.138465589140962
CNCC1=CC=CC=C1OC2=C(C=C(C=C2)OC)Cl,5.22548303427145
C1C(CN1)C(C2=CC=CC=C2)OCC3=CC=CC=C3,6.006563769502389
C1CC2C(C(CC1S2)C3=CC=C(C=C3)Br)C4=CC(=NO4)C5=CC=CC=C5,6.623423042943488
C1CN(CCN1CCCC2=CC=CC=C2)CCOC(C3=CC=CC=C3)C4=CC=CC=C4,7.7447274948966935
CC1C(OCC(N1)(C)C)(C2=CC(=C(C=C2)Cl)Cl)O,8.154901959985743
C1CC2CC(CC1N2)OC3=CC(=CC(=C3)C4=CC=CC=C4)Cl,5.273354279759088
CCCC(C(=O)C1=CC=C(C=C1)C(=O)OC)N2CCCC2,6.8124792791635365
CN1C2CCC1C(C(C2)C3=CC=C(C=C3)OC)C(=O)OCCC4=CC(=C(C(=C4)I)N)I,6.991399828238082
COC(=O)C1=C(CC2CCC1O2)C3=CC4=CC=CC=C4C=C3,7.698970004336019
C1CCC(CC1)N(CC2=CC3=CC=CC=C3C=C2)C4CNC4,6.302770657240282
CC1=CC=CC(=C1)C(=O)C(C)NC(C)(C)C,5.8326826652518236
CN1C2CCC1C(C(C2)C3=CC=C(C=C3)OC)C(=O)OC,8.187086643357144
CC(C)OC(=O)C1C2CCC(N2C)CC1C3=CC=C(C=C3)OC,7.853871964321762
CCCC(C1CCCCN1)C2=CC(=C(C=C2)Cl)Cl,7.7011524070379505
C1CC(CN(C1)CCC2=CC=C(C=C2)F)CNCCOC(C3=CC=CC=C3)C4=CC=CC=C4,6.301029995663981
CN(C)CC1=C(C=CC(=C1)S(=O)(=O)N)OC2=CC=C(C=C2)OC(F)(F)F,5.096910013008056
C1C(C1(C2=CC3=C(C=C2)OCO3)C(=O)C4C5=CC=CC=C5CN4)CN,5.443697499232712
CN1CC(C2=C(C1)C=C(C=C2)N3CCCCC3)C4=CC5=CC=CC=C5S4,6.2441251443275085
CCCN1C(C(OCC1(C)C)(C2=CC(=CC=C2)Cl)O)C,7.214670164989233
C1CCC(CC1)(CN)C2=CC=CC3=CC=CC=C32,5.218747405751543
C1=CC(=CC(=C1)S(=O)(=O)NC2=CC=C(C=C2)Br)C(=O)NC3=CC=C(C=C3)Br,5.769551078621726
C1CC2CC(CC1N2)OC3=CC=CC=C3Cl,5.880084589742009
CN1C2CCC1C(C(C2)C3=CC=C(C=C3)Cl)C4=CN(N=N4)CC5=CC=CC=C5,7.327902142064282
CN1C2CCC1C(C(C2)C3=CC(=C(C=C3)Cl)Cl)COC(=O)CCC(=O)OCC4C5CCC(O5)CC4C6=CC(=C(C=C6)Cl)Cl,7.173925197299173
CN1CC(C2=C(C1)C=C(C=C2)N3CCOCC3)C4=CC5=C(C=C4)C=CS5,7.055517327849831
CCCC(C(=O)C1=CC(=CC=C1)C)N2CCCC2,7.201349354554731
C1CN2C(=N1)C3=C(C2(C4=CC=C(C=C4)Cl)O)C=CC5=CC=CC=C53,7.97469413473523
C1CN2CCC1(C3=C(C2)C=C(C=C3)C4=NN=CC=C4)C5=CC(=C(C=C5)Cl)Cl,7.583359492661719
C1CC2C(C(CC1O2)C3=CC(=C(C=C3)Cl)Cl)COC(=O)CCC(=O)OCC4C5CCC(S5)CC4C6=CC(=C(C=C6)Cl)Cl,5.528708288941061
CN1C2CCC1C=C(C2)C3C4=CC=CC=C4C5=CC=CC=C35,5.029188389127482
CN(C)CC1(CCCCC1)C2=CC(=C(C=C2)F)F,7.2441251443275085
CCCC(C(=O)C1=CC=C(C=C1)Br)N2CCCC2,7.403402904373539
CC1C(OCC(N1)(C)C)(C2=CC(=CC(=C2)F)F)O,6.991399828238082
CN(C)CCC(C1=CC2=CC=CC=C2S1)N3CCCC3,6.06398920428479
COC(=O)C1=C(CC2CCC1S2)C3=CC=C(C=C3)F,6.657577319177793
CC(C1(CCCCC1)C2=CC3=CC=CC=C3C=C2)NC,7.100329725273415
C1CCNC(C1)C(CC2=CC=CC=C2)C3=CC=C(C=C3)Cl,6.42036683445377
CC(C)C(C1CCCCN1)C2=CC=C(C=C2)Cl,6.749607413541995
C1CC2CN(CC1N2C(=O)C3=CC=C(C=C3)C4=CC(=CC=C4)Cl)C5=NC=CC=N5,5.214670164989233
COC(=O)C1=C(CC2CCC1S2)C3=CC=C(C=C3)Br,8.040958607678906
C1CN2C(=N1)C3=C(C2(C4=CC5=CC=CC=C5C=C4)O)C=CC6=CC=CC=C63,8.481486060122112
CN1C2CCC1C(C(C2)OC(C3=CC=CC=C3)C4=CC=CC=C4)C(=O)OC,7.468521082957745
C1CC2C(C(CC1S2)C3=CC=CC=C3)C4=CC(=NO4)C5=CC=CC=C5,6.804100347590767
COC(=O)C1C2CCC(N2CCCF)CC1C3=CC=C(C=C3)SC,6.950781977329818
CN1CCN(CC1)CC(C2=CC(=CC=C2)Cl)C3(CCCCC3)O,6.6821324990268485
C1C(CN1)CC(C2=CC(=C(C=C2)Cl)F)OC3=CC=C(C=C3)F,6.844663962534938
CN1CC(C2=CC=CC=C2C1)C3=CC4=C(C=C3)N=CC=C4,6.050609993355087
CN1CC(C2=CC=CC=C2C1)C3=CC4=CC=CC=C4S3,7.42021640338319
CN(C)CC1CC1C2=CNC3=C2C=C(C=C3)C#N,5.376750709602099
CN1CC(C2=C(C1)C=C(C=C2)CN)C3=CC4=C(C=C3)SC=C4,7.958607314841775
CN1C2CCC1C3COC(=O)CCCCCCCCCCC(=O)NC4=CC=C(C3C2)C=C4,6.4089353929735005
COC(=O)C(C1CCCCC1)C2=CC(=C(C=C2)Cl)Cl,6.835647144215563
C1CN(CCN1CCCC(C2=CC=C(C=C2)F)C3=CC=C(C=C3)F)C(=O)OCCC4=CC=C(C=C4)F,5.782516055786093
C1CN(CCC1NCCCC2=CC=CC=C2)CCOC(C3=CC=CC=C3)C4=CC=CC=C4,6.4089353929735005
CC1CCCN1CCCOC2=CC=C(C=C2)C3=NNC(=O)C=C3,5.026872146400301
C1CC2C=C(CC1O2)C3=CC4=CC=CC=C4C=C3,7.698970004336019
CN1CC(C2=CC=CC=C2C1)C3=CC4=CC=CC=C4O3,7.795880017344075
CC(C1(CCCCC1)C2=CC3=CC=CC=C3C=C2)N(C)C,7.183127145516109
CNS(=O)(=O)C1=CC(=C(C=C1)OC2=CC=C(C=C2)S(=O)C)CN(C)C,7.886056647693163
CC1=C(C=CC(=C1)C2CC3CCC(C2C4=CC(=NO4)C5=CC=CC=C5)N3C)Cl,7.823908740944319
CCN1C(=O)C2=C(NC1=S)SC=C2C3=CC=CS3,7.431798275933005
CC1=C(C=CC(=C1)C2CC3CCC(C2C4=CC(=NO4)C)N3C)Cl,8.823908740944319
CNC1CCC(C2=C1C=C(C=C2)[N+](=O)[O-])C3=CC(=C(C=C3)Cl)Cl,6.080921907623926
CC1=CC=C(C=C1)C(=O)C(CC(C)C)N2CCCC2,8.229147988357855
CCCOC(C1CNC1)C2=CC3=CC=CC=C3C=C2,7.142667503568731
CC(C(=O)C1=CC(=CC=C1)Cl)N(C)C(C)(C)C,5.453990764623526
C1CC(OC1CN)C2=CC=C(C=C2)Cl,6.504455662453552
CC(C(=O)C1=CC(=CC=C1)Cl)NC2CCC2,6.58838029403677
C1C(C2=C(CN1)C=C(C=C2)C3=NN=CC=C3)C4=CC(=C(C=C4)Cl)Cl,7.8124792791635365
C1CC2CC(CC1N2)OC3=CC=CC(=C3)C#N,5.852632892206214
COC(=O)C1=C(CC2CCC1S2)C3=CC(=C(C=C3)Cl)Cl,8.346787486224656
COC(=O)C1=C(CC2CCC1S2)C3=CC=CC=C3,6.040958607678906
CCC1C2CCC(N2C)CC1C3=CC=C(C=C3)Cl,8.520479303839405
CC(CCC1=CC=CC=C1Cl)N,5.069407511557402
CCCOC(C1CNC1)C2=CC(=C(C=C2)Cl)Cl,7.494850021680094
CNC1CCC(C2=C1C=CC(=C2)C(=O)NC)C3=CC(=C(C=C3)Cl)Cl,5.481486060122112
CC(C(=O)C1=CC(=CC=C1)Br)N2CCCCC2,6.1249387366083
C1COC(C(CN1)CO)C2=CC(=C(C=C2)Cl)Cl,5.681255135243744
CN1CC(C2=C(C1)C=C(C=C2)N3CCOCC3)C4=CC5=CC=CC=C5S4,8.236572006437063
CC1C(OCC(N1)(C)C)(C2=CC(=CC=C2)F)O,7.037395539294058
CN1CC(C2=C(C1)C=C(C=C2)O)C3=CC4=C(C=C3)SC=C4,8.161150909262744
CN(C)CC1=CC=CC=C1SC2=CC(=CC=C2)Cl,7.443697499232712
CN(C)CC1(CCCC1)C2=CC(=C(C=C2)Cl)Cl,8.045757490560675
CN1CC(C2=CC=CC=C2C1)C3=CC4=C(C=C3)C=CO4,8.1249387366083
CN(C)CC1=C(C=CC(=C1)NS(=O)(=O)C)SC2=CC=C(C=C2)SC,5.823908740944319
CN(C)CC1=CC=CC=C1OC2=C(C=C(C=C2)Cl)OC,5.422508200162775
CN1C2CCC1C(C(C2)C3=CC=C(C=C3)S(=O)C)C(=O)OC,7.040958607678906
C1CC2C(C(CC1S2)C3=CC=C(C=C3)Cl)C4=CC(=NO4)C5=CC=CC=C5,6.886056647693163
COC1=CC=C(C=C1)C2(C3=CC=CC=C3C4=NCCN42)O,6.958607314841775
CN(C)CC1=CC=CC=C1C(=O)C2=CC(=C(C=C2)Cl)Cl,5.6777807052660805
CCC(C(=O)[O-])NC(CC(C)C)C1(CCC1)C2=CC=C(C=C2)Cl,7.244887733604929
CNC1=NN=C(C=C1)C2=CC3=C(C=C2)C(CNC3)C4=CC=C(C=C4)F,7.046006950999279
C1CC(CN(C1)CCOC(C2=CC=CC=C2)C3=CC=CC=C3)CNCCC4=CC=C(C=C4)F,6.438898616350944
CN(C)CC1=C(C=CC(=C1)N(C)S(=O)(=O)C)SC2=CC=C(C=C2)SC,5.443697499232712
CN1C2CCC1C(C(C2)C(=O)OC3=CC=CC=C3)C(=O)OC,6.604122687750204
CN1C2CCC1CC(C2)(C3=CC=CC=C3C4=CC=CC=C4)O,5.400116927926312
CNCC1=C(C=CC(=C1)C(=O)NC)OC2=C(C=C(C=C2)Cl)OC,4.804100347590766
CNCC(CCN1C2=CC=CC=C2N(S1(=O)=O)C3=CC(=CC=C3)OC)O,6.081777807652065
COC(=O)C1C2CCC(S2)CC1C3=CC(=C(C=C3)Cl)Cl,8.698970004336019
C1CCC(C1)C(C2CCCCN2)C3=CC=C(C=C3)Cl,7.094212497064662
CC1=CC=C(C=C1)C2CC3CCC(C2C(=O)OC)N3C,8.004048690257614
C1CC2C(=C(CC1S2)C3=CC=C(C=C3)Cl)C4=CC(=NO4)C5=CC=CC=C5,7.1771783546968955
CC1=CC(=C(C=C1)OC2C3=CC=CC=C3CC2(CNC)O)C,5.096910013008056
COC(=O)C1C2CCC(O2)CC1C3=CC(=C(C=C3)Cl)Cl,8.180855599850945
CC1=NOC(=C1)C2C3CCC(S3)CC2C4=CC=CC=C4,7.55395269865476
CNCC1=C(C=CC(=C1)C(=O)N)OC2=C(C=C(C=C2)Cl)OC,4.6777807052660805
CCN(C)CC1(CCCCC1)C2=CC(=C(C=C2)Cl)Cl,9.0
CNC1CCC(C2=C1C=C(C=C2)S(=O)(=O)N)C3=CC(=C(C=C3)Cl)Cl,6.890810300988576
CC1=C(C=C(C=C1)C2CC3CCC(C2C(=O)OC)N3)F,8.193820026016112
COC1=NN=C(C=C1)C2=CC3=C(C=C2)C4(CCN(C3)CC4)C5=CC(=C(C=C5)Cl)Cl,8.229147988357855
COC(=O)C1=C(CC2CCC1C2)C3=CC(=C(C=C3)Cl)Cl,8.148741651280925
CNC1CCC(C2=C1C=CC(=C2)S(=O)C)C3=CC(=C(C=C3)Cl)Cl,5.958607314841775
CN(C)CC1=CC=CC=C1OC2=CC=CC=C2Cl,5.5638373529592435
CCOC(=O)C(C1CCCCN1)C2=CC=CC=C2,6.759242855825949
CC(C(=O)C1=CC(=CC=C1)Cl)NC2CCCC2,6.008773924307505
C1C(C1(C2=CC=CS2)C(=O)N3CC4=CC=CC=C4C3)CN,5.256568634853316
C1C(CN1)C(C2=CC(=C(C=C2)Cl)F)OC3=CC=CC=C3,6.8297382846050425
CCC1C(=O)N(CCCN1)C2=CC(=C(C=C2)Cl)Cl,6.721246399047171
CN1C2CCC1C(C(C2)C3=CC(=C(C=C3)Cl)Cl)COC(=O)CCC(=O)OCC4C5CCC(S5)CC4C6=CC(=C(C=C6)Cl)Cl,7.259637310505756
COC(=O)C1=C(CC2CCC1C2)C3=CC=CC=C3,5.418391633967943
C1CN2CCC1(C3=C(C2)C=C(C=C3)N4CCOCC4)C5=CC=C(C=C5)Cl,7.229884705212898
C1CN2CC3=C(C1(C2)C4=CC=C(C=C4)Cl)C=CC(=C3)C5=NN=C(C=C5)OC(F)F,6.517704263879923
CC1=CC=CC=C1OC2C3=CC=CC=C3CC2(CNC)O,5.667596139055831
CN1CC(C2=CC=CC=C2C1)C3=CC4=C(C=C3)C=CS4,8.346787486224656
C=CCN(CC=C)C(=O)C1(CC1CN)C2=CSC=C2,5.080921907623926
C1COC(CN1)CCN2C3=CC=CC=C3N(S2(=O)=O)C4=CC=C(C=C4)F,6.675717544702307
C1CC2C(C(CC1S2)C3=CC(=C(C=C3)Cl)Cl)COC(=O)CCC(=O)OCC4C5CCC(S5)CC4C6=CC(=C(C=C6)Cl)Cl,5.8124792791635365
CN(C)C1CC(C2=CC=CC=C12)OC3=CC=C(C=C3)Cl,5.154901959985743
CCSC1=CC=C(C=C1)C2CC3CCC(C2C(=O)OC)N3CCCF,5.920818753952375
CCCC(C(=O)C1=CC=CC=C1C)N2CCCC2,7.200659450546418
CN1CC(C2=C(C1)C(=CC=C2)N)C3=CC=CC=C3,7.522878745280337
CCC(C(=O)C1=CC(=C(C=C1)Cl)Cl)N2CCCC2,7.259637310505756
CN1C2CCC1C(C(C2)C3=CC(=CC=C3)I)C(=O)OC,7.552841968657781
C1COC(CN1)CCN2C3=CC=CC=C3N(S2(=O)=O)C4=C(C=C(C=C4)F)F,5.690369832574101
CC1=CC(=C(N=C1)COC2=CC=C(C=C2)C3=NN(C=C3C4=CC=NC=C4)CCF)C,5.552841968657781
CC1CCC2C(C(OC3C24C1CCC(O3)(OO4)C)(C(=O)OCCC(=O)O)C(F)(F)F)C,5.318758762624412
CNCC(CCN1C2=CC=CC=C2N(S1(=O)=O)C3=C(C=CC=C3F)F)O,5.420833834145509
C1CN2C(=N1)C3=C(C=CC=C3C2(C4=CC=C(C=C4)Cl)O)C5=CC=CC=C5,6.4089353929735005
C1CNCCC1C(C2=CC=CC=N2)OC3=C(C(=CC=C3)Cl)Cl,6.452225294612178
COC(=O)C1C2CCC(O2)CC1C3=CC=C(S3)C4=CC=CC=C4,6.3124710387853655
CN(C)CC1CCCC1C2=CNC3=C2C=C(C=C3)C#N,6.161150909262744
C1CNCCC1C(C2=CN=CC=C2)OC3=CC=CC=C3Cl,6.3979400086720375
CCCC(C(=O)C1=CC=C(C=C1)C2=CC=CN2C)N3CCCC3,5.267606240177031
COC1=C(C=C(C=C1)F)CC2CCC(O2)CCN,4.4274158490157385
C1CCC2C(C1)N=C3N2C(C4=CC=CC=C43)(C5=CC=C(C=C5)Cl)O,8.322178474889565
C1CCC(CC1)(CN)C2=CC3=CC=CC=C3C=C2,7.080921907623926
CN(C)CC1CC1C2=CC=CC3=C2C=CC(=C3)C#N,5.060480747381382
C1CN(CCN1CCCC(C2=CC=C(C=C2)F)C3=CC=C(C=C3)F)C(=O)OCCC4=CC=C(C=C4)C#N,6.001740661576301
C1CNCCC1C(C2=CC=CC=C2)OC3=C(C(=CC=C3)Cl)Cl,6.698970004336019
CC(C)(CC1=CC=C(C=C1)OC)NCC(COC2=CC=CC=C2C#N)O,6.522878745280337
CCC(=O)N(CC1=CC2=CC=CC=C2C=C1)C3CCNC3,6.575118363368933
C1=CC=C(C=C1)CC(=O)NCCCNCCOC(C2=CC=C(C=C2)F)C3=CC=C(C=C3)F,7.136677139879544
CC(C(=O)C1=CC(=CC=C1)[N+](=O)[O-])N2CCCCC2,5.0
CC(C)C(=O)N(CC1=C(C(=CC=C1)Cl)Cl)C2CCNC2,5.925212555173116
COC(=O)C1C2CCC(N2)CC1C3=CC(=C(C=C3)Cl)Cl,9.017164014389946
CN(CCCC1=CC=CC=C1)C2CCN(CC2)CCOC(C3=CC=CC=C3)C4=CC=CC=C4,6.6777807052660805
C1CN(C2=CC=CC=C2C1N)C3=CC(=C(C=C3)Cl)Cl,7.264941823424498
CN1C2CCC1C(C(C2)C3=CC=C(C=C3)SC)C(=O)OC,8.045757490560675
C1C(CN1)C(C2=CC(=C(C=C2)Cl)Cl)OCC3=CC=CC=C3,7.634512015109101
CCSC1=CC=C(C=C1)C2CC3CCC(C2C(=O)OC)N3,6.752026733638194
COC(=O)C1C2CCC(O2)CC1C3=CC=C(C=C3)I,7.765826334793472
CN1C2CCC1C(C(C2)C3=CC=C(C=C3)Cl)C=C(Br)Br,9.174360993000928
CCCC(C1CCCCN1)C2=CC=C(C=C2)Cl,7.238777883246946
C1CN2CC3=C(C1(C2)C4=CC=C(C=C4)Cl)C=CC(=C3)C5=CN6C(=NC=N6)C=C5,6.659598810855643
CN1C2CC(C1CC(=C2C(=O)OC)C3=CC(=C(C=C3)Cl)Cl)O,7.2588484011482155
C1CN2C(C3=CC=CC=C3C2=N1)C4=CC=C(C=C4)Cl,7.874546150148667
CC1=CC=C(C=C1)C(=O)C(CC=C)N2CCCC2,7.259637310505756
COC(=O)C1C2CCC(C2)CC1C3=CC(=C(C=C3)Cl)Cl,7.376750709602099
CCNC1CC(C2=CC=CC=C12)OC3=CC=CC=C3C,5.6020599913279625
CN1CCC2=CC=CC=C2C1CCC3=CNC4=C3C=C(C=C4)C#N,6.207608310501746
CCCCC(C1CCCCN1)C2=CC(=C(C=C2)Cl)Cl,7.709025170813268
C1CN2CCC1(C3=C(C2)C=C(C=C3)O)C4=CC=C(C=C4)Cl,7.675717544702307
CNC1CCC(C2=C1C=C(C=C2)S(=O)(=O)N(C)C)C3=CC(=C(C=C3)Cl)Cl,5.823908740944319
C1C(CN1)C(C2=CC=C(C=C2)Cl)OCC3=CC=CC=C3,6.537602002101044
CN1C2CCC1C(C(C2)C3=CC(=C(C=C3)O)O)C(=O)OC,6.391473966422806
CC1=CC=C(C=C1)N(CC2=CC3=CC=CC=C3C=C2)C4CNC4,6.157390760389438
CNCC1C(C2=CC=CC=C2CO1)OC3=CC=CC=C3C(F)(F)F,5.0
CC1=CC=C(C=C1)C2CC3CCC(C2C4=C(C(=NO4)C)C5=CC=C(C=C5)OC)N3C,6.924453038607469
CN1C2CC(C1C(=C(C2)C3=CC=C(C=C3)F)C(=O)OC)O,5.111820506081675
CC1=CC(=NC=C1)C(C2CCNCC2)OC3=C(C(=CC=C3)Cl)Cl,6.1911141326401875
CC1C(OCC(N1)(C)C)(C2=CC(=CC=C2)[N+](=O)[O-])O,7.920818753952375
CN(C)CC1(CCCCC1)C2=CC=C(C=C2)Cl,7.585026652029182
CN(C)C1CC2=CC=CC=C2N(C1)C3=CC(=C(C=C3)Cl)Cl,6.711840844950208
CN1C2CCC1C(C(C2)C3=CC(=C(C=C3)SC)Br)C(=O)OC,7.995678626217357
C1CN(CC=C1CC2=CC=CC=C2)CCC(C3=CC4=CC=CC=C4S3)O,6.308918507877031
CCCC(C(=O)C1=CC(=C(C=C1)Cl)Cl)N2CCCCC2,6.176525770829699
CC(C)CC(C1CCCCN1C)C2=CC(=C(C=C2)Cl)Cl,7.616422066958831
C1C(C1(C2=CSC=C2)C(=O)C3C4=CC=CC=C4CN3)CN,5.161150909262744
CC(=O)N(CC1=CC2=CC=CC=C2C=C1)C3CCNCC3,5.823908740944319
CC(C(=O)C1=CC=C(C=C1)Br)NC(C)(C)C,6.024755504837636
CN1C2CCC1C3COC(=O)CCC4(CCC(=O)NC5=CC=C(C3C2)C=C5)C6=CC=CC=C6C7=CC=CC=C47,6.537602002101044
C1=CC=C(C(=C1)C2=CC=C(C=C2)NC(=O)C(CC(=O)NC3=NC=C(C=C3)Br)N)S(=O)(=O)N,7.6777807052660805
C1CN2CC3=C(C1(C2)C4=CC=C(C=C4)Cl)C=CC(=C3)C5=NN=C(C=C5)C(F)(F)F,7.129596094720973
COC(=O)C1C2CCC(N2CC3=CC=CC=C3)CC1OC(C4=CC=C(C=C4)F)C5=CC=C(C=C5)F,6.651695136951839
CC(C(=O)C1=CC(=CC=C1)Cl)NC2CC2,6.576754126063192
CC1C(OCC(N1C)(C)C)(C2=CC(=CC=C2)Cl)O,7.053396623470256
CN(C)CC1=C(C=CC(=C1)NS(=O)(=O)C)SC2=CC=C(C=C2)C(F)(F)F,5.161150909262744
CCCC(C(=O)C1=CC=C(C=C1)CO)N2CCCC2,7.3535962737769305
CC1=C(C=CC(=C1)Cl)OC2=C(C=C(C=C2)N3CCCS3(=O)=O)CNC,7.327902142064282
CN(C)CC1=CC=CC=C1OC2=CC(=C(C=C2)Cl)Cl,6.853871964321762
CN1C2CCC1C(C(C2)C3=CC=C(C=C3)Cl)C(=O)NCCCCCCNC(=O)C4C5CCC(N5C)CC4C6=CC=C(C=C6)Cl,5.853561864714226
C1CCNC(C1)C(CCC2=CC=CC=C2)C3=CC=C(C=C3)Cl,6.586315363473615
CC1=CC=C(C=C1)C2=C(ON=C2C)C3C4CCC(N4C)CC3C5=CC=C(C=C5)Cl,6.8696662315049934
C1C(CC2=CC=CC=C2C1C3=CC(=C(C=C3)Cl)Cl)CCN,7.3979400086720375
CCCC(C(=O)C1=CC(=C(C=C1)Cl)Cl)NC(C)(C)C,7.292179510051858
CN1C2CCC1C=C(C2)C3=CNC4=CC=CC=C43,6.219682687859849
CCC(C1(CCCCC1)C2=CC(=C(C=C2)Cl)Cl)N,7.537602002101044
CN1C2CCC1C(C(C2)C3=CC=C(C=C3)Br)C(=O)OC,8.769551078621726
CN(C)CC1=CC=CC=C1CC2=CC(=C(C=C2)Cl)Cl,6.494850021680094
CC1=NOC(=C1C2=CC=C(C=C2)F)C3C4CCC(N4C)CC3C5=CC=C(C=C5)Cl,6.954677021213342
CC1=C(C=CC(=C1)CCC2CCC(O2)CCN)F,6.293282217663242
CN(C)CC1C2CCC(C1C3=CC(=CC=C3)Cl)CC2,7.167679012221937
CNCC1(CC2=CC=CC=C2C1OC3=CC=CC=C3Cl)O,5.0
CC1=CC=CC=C1C(C2CNC2)OC,6.0670191780768015
CN(C)CC1=C(C=CC(=C1)Cl)OC2=CC=C(C=C2)SC,5.214670164989233
COC(=O)C1C2CCC(O2)CC1C3=CC=C(C=C3)Br,7.657577319177793
CC1=CC=CC=C1CN(C2CCOCC2)C3CCNC3,5.920818753952375
CC1=CC=C(C=C1)C2CC3CCC(C2C4=CC=C(C=C4)C)N3C,6.468521082957745
C1CCC(CC1)(CN2CCCC2)C3=CC(=C(C=C3)Cl)Cl,8.698970004336019
C1=CC=C(C=C1)CC(=O)NCCNCCOC(C2=CC=C(C=C2)F)C3=CC=C(C=C3)F,7.096910013008056
CC1=CC=C(C=C1)C2CC3CCC(C2C4=CC=CC=C4)N3C,8.707743928643524
C1CCC(CC1)N(CC2=CC=C(C=C2)Cl)C3CNC3,6.273272790973428
CN1CC(C2=CC=CC=C2C1)C3=CC=CC4=C3SC=C4,6.958607314841775
CC(C)CC(C1(CCCCC1)C2=CC(=C(C=C2)Cl)Cl)N(C)C,6.455931955649724
CN1C2CCC1C(C(C2)C3=CC(=C(C(=C3)I)OC)I)C(=O)OC,5.886056647693163
CC1=C(C=CC(=C1)C2CC3CCC(C2C(=O)OC)N3C)Cl,8.882470911712248
C1CN(CCC12C(=O)NCN2C3=CC=CC=C3)CC4=CC(=CC=C4)OC5=CC=CC=C5,5.647817481888637
CN1CCN(CC1)CC(C2=CSC(=C2)Cl)C3(CCCCC3)O,6.541857268873171
CCCC(C(=O)C1=CC=C(C=C1)OC)N2CCCC2,6.548213564475709
C1CC(CN(C1)CCCC2=CC=CC=C2)CNCCOC(C3=CC=CC=C3)C4=CC=CC=C4,6.823908740944319
C1CC(OC1CCN)CC2=CC=CC=C2,6.247951552180561
CC1=CC(=NC2=C1C=C(C=C2)NC(=O)C=CC3=CC=C(C=C3)OC(F)(F)F)N(C)CCN(C)C,5.0
CC1=CC=CC=C1OC2CCC(C3=CC=CC=C23)N,6.0
COC1=C(C=C(C=C1)F)CCCCC2CCC(O2)CN,4.781464494783473
C1CN2CCC1(C3=C(C2)C=C(C=C3)C4=NN=C(C=C4)OC(F)F)C5=CC=C(C=C5)Cl,7.24184537803261
CCCC1C(OCC(N1)(C)C)(C2=CC(=CC=C2)Cl)O,8.372363747448274
CCCCNC(CCC)C(=O)C1=CC(=C(C=C1)Cl)Cl,5.924453038607469
CNCC1=CC=CC=C1OC2=C(C=C(C=C2)F)Cl,5.186419011431808
CC1=CC=C(C=C1)C2CC3CCC(C2C(=O)OC(C)C)N3C,9.080921907623926
CN(C)CC1CC(C2=CC=CC=C2C1)C3=CC(=C(C=C3)Cl)Cl,6.474331109046441
CC1C(OCC(N1)(C)C)(C2=CC=CC(=C2)C3=CC=CC4=CC=CC=C43)O,9.0
COC(=O)C1C2CCC(O2)CC1C3=CC4=CC=CC=C4O3,7.4089353929735005
CN(C)CC1=CC=CC=C1OC2=CC(=CC=C2)Cl,6.37657843887434
CN1C2CCC1C(=C(C2)C3=CC4=CC=CC=C4C=C3)C(=O)OC,8.534627335843847
C1CN2C(=N1)C3=C(C2(C4=CC=C(C=C4)Cl)O)C5=CC=CC=C5C=C3,6.661543506395395
C1CCC(CC1)(CNC2CC2)C3=CC(=C(C=C3)Cl)Cl,8.698970004336019
CC1=NOC(=C1)C2C3CCC(S3)CC2C4=CC=C(C=C4)F,7.906239639581768
CNCC1C2CCC(C2)C1C3=CC4=CC=CC=C4C=C3,7.062991148068907
CC1=CC=C(C=C1)C2CC3CCC(C2C4=CC(=NO4)CC5=CC=C(C=C5)Cl)N3C,7.653647025549361
CNCC1(CCCCC1)C2=CC(=CC=C2)Cl,6.053547734986926
C1C(C2=C(CN1)C=C(C=C2)C3=CC=CC(=C3)C#N)C4=CC(=C(C=C4)Cl)Cl,6.671620396561263
C1CN(CC=C1CC2=CC=CC=C2)CCC(C3=CC(=C(C=C3)Cl)Cl)O,6.161780778092375
COC(=O)C1=C(CC2CCC1O2)C3=CC(=C(C=C3)Cl)Cl,7.920818753952375
CNCC1=C(C=CC(=C1)C(=O)N)OC2=C(C=C(C=C2)Cl)Cl,5.917214629683549
CC1(C2=C(C=CC(=C2)C3=CN=C(C=N3)C(F)(F)F)C(CN1)C4=CC=C(C=C4)Cl)C,7.095825631715837
CC1C(OCC(N1)(C)C)(C2=CC=CC(=C2)C3=CC4=CC=CC=C4C=C3)O,6.343901797987169
C1CCC(C1)C(C#N)C2=CC(=C(C=C2)Cl)Cl,6.892790030352131
CN1CC(C2=CC=CC=C2C1)C3=CC4=C(C=C3)C=NN4,6.568636235841012
CN(C)CC1=NC=CN1C2=CC=C(C=C2)C(=O)NC(CC(=O)NC3=NC=C(C=C3)Cl)C(=O)N4CCCCC4,7.886056647693163
CN(C)CC1CC1C2=CC=CC3=CC=CC=C32,4.481486060122113
CNC1CC(C2=CC=CC=C12)OC3=CC=CC=C3,5.301029995663981
CNC1CCN(C2=CC=CC=C12)C3=CC(=C(C=C3)Cl)Cl,7.752922702990778
CC1=CC=C(C=C1)C2CC3CCC(C2C(=O)OC4CCC4)N3C,8.318758762624412
CNCC1=C(C=CC(=C1)NS(=O)(=O)C)SC2=CC=C(C=C2)SC,5.42021640338319
CN1C2CCC1C(C(C2)C3=CC(=C(C=C3)OC)Br)C(=O)OC,7.327902142064282
CN1C2CCC1C3COC(=O)CCCCCC(=O)NC4=CC=C(C3C2)C=C4,8.42021640338319
CN1C2CCC1C(C(C2)C3=CC=C(C=C3)Cl)C4=CC(=NO4)CC5=CC=C(C=C5)Cl,7.756961951313706
C1C(C2=C(CN1)C=C(C(=C2)F)C3=CN4C(=NC=N4)C=C3)C5=CC(=C(C=C5)Cl)Cl,7.0798766737092755
C1CC2CC(CC1N2)OC3=CC=CC(=C3)C4=CC=CC=C4C#N,5.0933417823284
CNC1CCC(C2=C1C=CC(=C2)C(=O)N)C3=CC(=C(C=C3)Cl)Cl,5.886056647693163
C1CN2CC3=C(C1(C2)C4=CC(=C(C=C4)F)Cl)C=CC(=C3)C5=NN=C(C=C5)C(F)(F)F,7.278744437532347
C1CN2CCC1(C3=C(C2)C=C(C=C3)OC4=NN=C(C=C4)C(F)(F)F)C5=CC(=C(C=C5)F)F,7.199282921717614
C1CN=C2C3=CC=CC=C3C(N2C1)(C4=CC5=C(C=C4)OCO5)O,8.809090614185848
CC1CCNCC(=O)N1C2=CC(=C(C=C2)Cl)Cl.Cl,5.346787486224656
CN(C)CC1(CCCCC1)C2=CC(=C(C=C2)F)Cl,7.958607314841775
CC1=CC=C(C=C1)C2CC3CCC(C2C#CC4=CC=CC=C4)N3C,9.096910013008056
CCC1C(OCC(N1)(C)C)(C2=CC(=CC=C2)Cl)O,7.164320998278095
CN1CC(C2=C(C1)C=C(C=C2)OC)C3=CC4=C(C=C3)SC=C4,8.045757490560675
C1CCNC(C1)C(CCCC2=CC=CC=C2)C3=CC=C(C=C3)Cl,6.195736983211376
CC1=CC=C(C=C1)OC(C2CNC2)C3=CC(=C(C=C3)Cl)Cl,6.774690718274137
CN1C2CCC1C(C(C2)C3=CC(=C(C=C3)Cl)Cl)C(=O)OC,9.097538943034294
CN(C)CC1(CCCCC1)C2=CC(=C(C=C2)Cl)Cl,9.0
CN1C2CCC1C(C(C2)OC(C3=CC=CC=C3)C4=CC=C(C=C4)Cl)C(=O)OC,7.795880017344075
C1CN2C(=N1)C3=CC=CC=C3C2(C4=CC5=C(C=C4)OCCO5)O,5.899629454882437
C1CC2CC(CC1N2)OC3=CC(=CC=C3)Br,6.6968039425795105
CC1=CC=C(C=C1)C2CC3CCC(C2C4=CC(=C(C=C4)OC)OC)N3C,6.8207090016407435
CN1C2CC(C1CC(C2C(=O)OC)OC(C3=CC=C(C=C3)F)C4=CC=C(C=C4)F)O,6.3487219860018556
CN1C2CCC1C(C(C2)C3=CC=C(C=C3)Cl)C4=CC(=NO4)C5=CC=C(C=C5)F,8.730487055782083
CN1CC(C2=C(C1)C=C(C=C2)C#N)C3=CC4=C(C=C3)SC=C4,6.958607314841775
CN1C2CCC1C(C(C2)C3=CC(=C(C=C3)OC)OC)C(=O)OC,5.80465394165158
CC(C)C(=O)N(CC1=CC(=CC(=C1Cl)Cl)Cl)C2CCNC2,4.665546248849069
CN1C2CCC1CC(C2)OC(C3=CC=C(C=C3)F)C4=CC=C(C=C4)F,7.346787486224656
CN1C2CCC1C(C(C2)C3=CC=CC=C3)C4=CC=CC=C4,7.899629454882437
CC(CC1=CC=C(C=C1)SC)N,5.512437439743621
COC(=O)C1C2CCC(O2)CC1C3=CC=C(C=C3)Cl,7.768801001051195
CC1=C(C=CC(=C1)Cl)OC2=C(C=C(C=C2)C(=O)N(C)C)CNC,6.764471553092451
CC1(C2=C(C=CC(=C2)C3=NN=C(C=C3)C(F)(F)F)C(CN1)C4=CC(=C(C=C4)Cl)Cl)C,7.552841968657781
C1CN=C2C3=CC=CC=C3C(N2C1)(C4=CC=C(C=C4)O)O,7.229147988357855
COC(=O)C1=C(CC2CCC1S2)C3=CC=C(C=C3)I,8.173925197299173
CN(C)C1CC(C2=CC=CC=C2C1)C3=CC(=C(C=C3)Cl)Cl,6.539369537307702
C1CN(CCN1CCCC2=CC=CC=C2)CCOC(C3=CC=C(C=C3)F)C4=CC=C(C=C4)F,7.374928063082768
C1C(C2=C(CN1)C=C(C=C2)C3=NN=C(C=C3)C(F)(F)F)C4=CC(=C(C=C4)Cl)Cl,7.096910013008056
C[N+]1(C2CCC1C=C(C2)C3=CC=CC=C3C4=CC=CC=C4)CCl,4.173925197299174
CN1C2CCC1CC(C2)OC(C3=CC=CC=C3)C4=CC=CC=C4,6.505845405981557
C1=CC=C(C=C1)C(CCN)OC2=CC=C(C=C2)C(F)(F)F,5.167308467388109
CC(C(=O)C1=CC(=CC=C1)Cl)N(C)C,5.785568295851549
COC(=O)C1=C(CC2CCC1S2)C3=CC4=CC=CC=C4C=C3,8.096910013008056
CC1=C(C=CC(=C1)O)OC2C3=CC=CC=C3CC2(CNC)O,5.301029995663981
CC(=O)NC1=CC=C(C=C1)CCOC(=O)C2C3CCC(N3C)CC2C4=CC=C(C=C4)OC,8.221848749616356
C1CCC(C1)CC(C2CCCCN2)C3=CC=C(C=C3)Cl,7.211254100081088
C1CN2C(=N1)C3=C(C2(C4=CC=C(C=C4)Cl)O)C=CC=C3F,7.475526748119999
CC(C(=O)C1=CC(=CC=C1)Br)NC2CCCC2,6.073143291050307
CN1C2CCC1C=C(C2)C3=CC=CC(=C3)C4=CC=CC=C4,5.141462802430361
CN1C2CC(C(C1C(C2)O)C(=O)OC)C3=CC=CC=C3,6.457301188992115
CN1C2CC(C1C(C(C2)OC(C3=CC=C(C=C3)F)C4=CC=C(C=C4)F)C(=O)OC)O,5.200659450546418
C1COC(CN1)CCN2C3=CC=CC=C3N(S2(=O)=O)C4=CC=CC=C4F,5.6595558851598815
CN1C2CC(C1C(=C(C2)C3=CC4=CC=CC=C4C=C3)C(=O)OC)O,7.346787486224656
C1C(C2=C(CN1)C=C(C=C2)C3=NN=C(C=C3)N)C4=CC(=C(C=C4)Cl)Cl,8.148741651280925
CC1=NN=C(C=C1)C2=CC3=C(C=C2)C4(CCN(C3)CC4)C5=CC=C(C=C5)Cl,6.915781313260761
C1CN2CCC1(C3=C(C2)C=C(C=C3)OC4=NC=CN=C4)C5=CC=C(C=C5)Cl,6.934793871945688
CC1(C2=C(C=CC(=C2)C3=NN=C(C=C3)N)C(CN1)C4=CC(=C(C=C4)Cl)Cl)C,8.619788758288394
C1CN(CCC1N2C3=CC=CC=C3NC(=O)C2=O)CC4=CC5=C(C=C4Cl)OCO5,5.818156412055227
CN1C2CCC1C3COC(=O)CCC(=O)CCC(=O)NC4=CC=C(C3C2)C=C4,6.795880017344075
CCOC1=CC=C(C=C1)OC2=CC=CC=C2CN(C)C,5.1938200260161125
CC1=NN(N=N1)C(CCNC)C2=CC(=C(C=C2)Cl)Cl,7.236572006437063
CC(C(=O)C1=CC(=CC=C1)OC)NC(C)(C)C,5.441291429466834
CNC1CCC(C2=C1C=C(C=C2)C#N)C3=CC(=C(C=C3)Cl)Cl,7.0
C1CN2CCC1(C3=C(C2)C=C(C=C3)OC4=NN=C(C=C4)C(F)(F)F)C5=CC(=C(C=C5)Cl)Cl,9.154901959985743
CN1C2CCC1C(C(C2)OC(C3=CC=C(C=C3)Cl)C4=CC=C(C=C4)Cl)C(=O)OC,7.040958607678906
C1CNCCC1C(C2=CC=NC=C2)OC3=C(C(=CC=C3)Cl)Cl,7.221848749616356
CNCC1CC(C2=CC=CC=C2C1)C3=CC(=C(C=C3)Cl)Cl,6.790021105463925
CCCC(C(=O)C1=CC=C(C=C1)C2=CC=CS2)N3CCCC3,6.268411234813261
CCOC(=O)C1CC12C3=C(C=CC=C3Br)NC2=O,7.180456064458131
CC1=CC=C(C=C1)C2=NOC(=C2)C3C4CCC(N4C)CC3C5=CC=C(C=C5)Cl,8.388276691992658
CN1C2CCC1CC(C2)(C3C4=CC=CC=C4C5=C3C=C(C=C5)Br)O,4.774690718274137
CNCC(CCN1C2=CC=CC=C2N(S1(=O)=O)C3=CC=CC=C3)OC,5.985059650207063
CNC1CCC(C2=C1C=C(C=C2)S(=O)(=O)C)C3=CC(=C(C=C3)Cl)Cl,6.920818753952375
CNC1CCC(C2=CC=CC(=C12)C(=O)O)C3=CC(=C(C=C3)Cl)Cl,6.267606240177031
CCCC(C(=O)C1=CC=C(C=C1)I)N2CCCC2,7.494850021680094
C1CNCCC1COC2=CC3=C(C=CC(=C3)C#N)C=C2,5.055517327849831
C1CN2CCC1(C3=C(C2)C=C(C=C3)C4=CC5C(C=C4)NC(=O)O5)C6=CC=C(C=C6)Cl,7.23210238398191
C1CN(CCN1C2=NC=CC=N2)C(=O)C3=CC=C(C=C3)C4=CC(=CC=C4)Cl,5.468521082957745
CC(C1(CCCCC1)C2=CC(=C(C=C2)Cl)Cl)NC,7.037086346438877
CN(C)CC1=CC=CC=C1OC2=CC=C(C=C2)Br,6.1938200260161125
C1CN=C2C3=C(C=CC4=CC=CC=C43)C(N2C1)(C5=CC=C(C=C5)Cl)O,8.67778070526608
CCCCCCC(C(=O)C1=CC(=CC=C1)Cl)NC(C)(C)C,6.8696662315049934
CN(C)CC1=CC=CC=C1SC2=CC=C(C=C2)SC,5.267606240177031
C1CC(OC1CCC2=C(C(=C(C(=C2F)F)F)F)F)CN,5.338281942305341
CN1CC(C2=CC=CC=C2C1)C3=COC4=CC=CC=C43,7.292429823902063
C1CN2CCC1(C3=C(C2)C=C(C=C3)N4CCOCC4)C5=CC=C(C=C5)N6CCOCC6,5.278766629982723
CN1C2CCC1C(C(C2)C3=CC=C(C=C3)OC)C(=O)OCCC4=CC=C(C=C4)N,8.154901959985743
CCSC1=CC=C(C=C1)C2CC3CCC(C2C(=O)OC)N3C,6.634512015109101
C1CN(CCN1)C(CCC2=CC=CC=C2)CC3=CC=CC=C3,6.3979400086720375
CC(C)(C)CC(=O)N(CC1=C(C=C(C=C1)Cl)Cl)C2CCNC2,4.991399828238082
CN(C)CC1=C(C=CC(=C1)C(=O)N)CC2=CC(=C(C=C2)Cl)Cl,6.585026652029182
COC(=O)C(C1CCCCN1)C2=CC=C(C=C2)I,7.958607314841775
CN1CC(C2=CC=CC=C2C1)C3=CC4=C(C=C3)C=CN4,7.920818753952375
CN1CC(C2=CC=CC=C2C1)C3=CC4=C(C=C3)NC=C4,8.346787486224656
C1CC2CC(CC1N2)OC3=CC(=CC(=C3)C4=CC=CC=C4)C#N,5.019996628416253
CNCC1(CCCCC1)C2=CC=C(C=C2)Cl,6.403402904373539
COC(=O)C1C2CCC(O2)CC1C3=CC=C(C=C3)C4=CC=CS4,6.448550002027124
CN(CCOC(C1=CC=CC=C1)C2=CC=CC=C2)C3CCN(CC3)CCCC4=CC=CC=C4,6.481486060122112
C1CN2CCC1(C3=C(C2)C=C(C=C3)OC4=NN=C(C=C4)C(F)(F)F)C5=CC=C(C=C5)Cl,7.437707135543525
CN1C2CCC1C(C(C2)C3=CC=C(C=C3)Cl)C#C,8.443697499232712
CCC(C)C(C(=O)O)N1CC(C(C1)C2=CC(=CC=C2)F)CN3CCC(CC3)C4=CC(=NN4CC)CC5=CC=C(C=C5)OC(F)(F)F,5.443697499232712
CNCC1(CC2=CC=CC=C2C1OC3=CC=CC=C3F)O,5.3979400086720375
C1C(CN1)C(C2=CC=C(C=C2)Cl)OC3=CC=CC=C3,6.6439741428068775
CC(C)CC(C1CCCCN1)C2=CC(=CC=C2)Cl,7.804179648253221
C1CN2C(=N1)C3=CC4=CC=CC=C4C=C3C2(C5=CC=C(C=C5)Cl)O,7.442492798094342
CN1C2CCC1CC(C2)OC3=CC=CC=C3,6.359518563029578
CNC1CCC(C2=C1C=CC(=C2)S(=O)(=O)C)C3=CC(=C(C=C3)Cl)Cl,5.853871964321762
COC(=O)C1=C(CC2CCC1O2)C3=CC4=CC=CC=C4S3,7.886056647693163
CCCC(C(=O)C1=CC=C(C=C1)NC(=O)C)N2CCCC2,7.168130225719498
CC1(C2=C(C=CC(=C2)C3=CN4C(=NC=N4)C=C3)C(CN1)C5=CC(=C(C=C5)Cl)Cl)C,8.67778070526608
CC1=NN=C(S1)C2=CC3=C(C=C2)C4(CCN(C3)CC4)C5=CC=C(C=C5)Cl,6.772370350428991
CN(C)CC1=CC=CC=C1OC2=C(C=C(C=C2)Cl)Cl,6.709965388637482
CC(C)CC(C1(CCCCC1)C2=CC(=C(C=C2)Cl)Cl)NC,8.045757490560675
C1CN(CC2=CC=CC=C21)C(=O)C3(CC3CN)C4=CC5=C(C=C4)OCO5,5.443697499232712
C1CN(CCC1CCOC(C2=CC=CC=C2)C3=CC=CC=C3)CC4=CC=C(C=C4)F,7.424812155072339
CC1=CC=C(C=C1)C2CC3CCC(C2C4=C(C(=NO4)C)C5=CC=C(C=C5)Cl)N3C,7.182434630440219
CN1C2CCC1C(C(C2)C3=CC4=CC=CC=C4C=C3)C(=O)OC,9.266018069542081
CN1C2CCC1C(C(C2)C3=CC=C(C=C3)Cl)C(=O)NCCCNC(=O)C4C5CCC(N5C)CC4C6=CC=C(C=C6)Cl,7.2839966563652006
C1CNCCC1C(C2=CN=CC=C2)OC3=C(C(=CC=C3)Cl)Cl,6.799539708166577
CN1C2CCC1C(C(C2)C3=CC=C(C=C3)I)C(=O)N4CCCC4,9.431798275933005
CC1=C(C=C(C=C1)C(=O)C(C)NC(C)(C)C)Cl,6.2871513933183785
CS(=O)(=O)C1=CC=C(C=C1)C2=CC3=C(C=C2)C4(CCN(C3)CC4)C5=CC=C(C=C5)Cl,7.200659450546418
CN(CCCC1=CC=CC=C1)CCCN(C)CCOC(C2=CC=CC=C2)C3=CC=CC=C3,6.625251653989896
C1=CC(=CC=C1CC(=O)NCCNCCOC(C2=CC=C(C=C2)F)C3=CC=C(C=C3)F)F,7.327902142064282
CC1=CC=CC(=C1)C(=O)C(C)NC2CCCC2,6.0746879085003505
COC(=O)C1C2CCC(N2CCCC3=CC=C(C=C3)I)CC1OC(C4=CC=C(C=C4)F)C5=CC=C(C=C5)F,6.924453038607469
CN1C2CCC1C=C(C2)C3=CC4=C(C=C3)C5=CC=CC=C5C4,6.120904120499928
C1CN2CCC1(C3=C(C2)C=C(C=C3)OCCCC4=CN=CC=C4)C5=CC=C(C=C5)Cl,7.182434630440219
CNC1CCC(C2=C1C=C(C=C2)S(=O)(=O)NC)C3=CC(=C(C=C3)Cl)Cl,6.568636235841012
CCCCN(CC1=CC2=CC=CC=C2C=C1)C3CCNC3,7.055517327849831
CC1C(OCC(N1)(C)C)(C2=CC(=C(C=C2)F)F)O,6.669586226650809
CCC(=O)N(CC1=CC2=CC=CC=C2C=C1)C3CCNCC3,6.4698003017969175
CC1=C(C=CC(=C1)Cl)OC2=CC=CC=C2CNC,6.375717904164332
C1CN2CCC1(C3=C(C2)C=C(C=C3)OC4=NC=CN=C4)C5=CC(=C(C=C5)Cl)Cl,7.4698003017969175
C1CC2CC(CC1N2)OC3=CC(=CC(=C3)C4=CC=CC=C4)F,5.059981844992336
C=CCC(C(=O)C1=CC(=C(C=C1)Cl)Cl)N2CCCC2,7.73754891026957
C1CCN(C1)C(CCN2CCC(=CC2)CC3=CC=CC=C3)C4=CSC5=CC=CC=C54,6.488116639021126
CC1=CC=C(C=C1)C2CC3CCC(C2C4=CC(=NO4)CC5=CC=C(C=C5)OC)N3C,8.017728766960431
CNC1CCC(C2=C1C=C(C=C2)C(=O)OC)C3=CC(=C(C=C3)Cl)Cl,6.619788758288394
CN(CCCN(C)CCOC(C1=CC=CC=C1)C2=CC=CC=C2)CCC3=CC=CC=C3,6.45717457304082
CN1CC(C2=CC=CC=C2C1)C3=CC4=C(C=C3)OC=C4,8.244125144327509
CN1C2CCC1C(C(C2)C3=CC(=CC=C3)Br)C(=O)OC,8.102372908709558
CN(C)CC1=CC=CC=C1OC2=CC=C(C=C2)OC,5.1938200260161125
COC(=O)C1=CC=CC=C1C2=CC=C(C=C2)C3=CC=C(C=C3)Br,9.0
CC1=C(C=CC(=C1)Cl)OC2=C(C=NC=C2)CN(C)C,5.490797477668897
C1CN(C2=CC=CC=C21)C(=O)C3(C(C3C4=CC=CC=C4)CN)C5=CC=CC=C5,5.366531544420413
CC(C)CC(C(=O)NC(CC1=CC=CC=C1)C=O)NC(=O)C(C2CC[NH+]=C(N2)N)NC(=O)NC(CC3=CC=CC=C3)C(=O)O,6.006123085058789
CN(C)CC1=CC=CC=C1CC2=CC=C(C=C2)SC,4.958607314841775
COC(=O)C1=C(CC2CCC1C2)C3=CC=C(C=C3)F,6.4089353929735005
CN(CCC1=CC=C(C=C1)F)CC2CCCN(C2)CCOC(C3=CC=CC=C3)C4=CC=CC=C4,5.899629454882437
CC(=O)NCC1CNCCOC1C2=CC(=C(C=C2)Cl)Cl,5.823908740944319
C1C(CN1)CN(CC2=CC3=CC=CC=C3C=C2)C4=CC=CC=C4,6.164943898279883
CN1CCC2=C(C=CC=C2C1)C(=O)NCC3(CCCCC3)N4CCN(CC4)C5=CC=CC=C5,6.537602002101044
CC1=C(C(=CC=C1)OC2C(OCC3=CC=CC=C23)CNC)C,5.585026652029182
C1CNC2=C(C1C3=CC=C(C=C3)Cl)C=CC(=C2)C4=NN=C(C=C4)C(F)(F)F,6.858863909879261
CC(C)(CC1=CC2=CC=CC=C2C=C1)NCC(COC3=CC=C(C=C3)CCC(=O)O)O,8.431798275933005
COC1=C(C=C(C=C1)F)CC2CCC(O2)CN,4.6335623006614535
CNCC1=CC=CC=C1SC2=CC=C(C=C2)C(F)(F)F,5.552841968657781
COC1=CC=CC2=C1C3=NCCN3C2(C4=CC=C(C=C4)Cl)O,7.850028549989402
CC1=CC=C(C=C1)C2CC3CCC4C2C(=C)CN34,7.173925197299173
CN1C2CCC1C(C(C2)C3=CC=CC=C3)C(=O)OC,6.826192251753744
C1C(CC2=CC=CC=C2C1C3=CC(=C(C=C3)Cl)Cl)N,6.412724056269408
C1C(C2=C(CN1)C=C(C(=C2)F)C3=NN=C(C=C3)C(F)(F)F)C4=CC(=C(C=C4)Cl)Cl,7.106238237942057
CN1C2CCC1C(=C(C2)C3=CC=CC=C3)C(=O)OC,5.586700235918748
CC1C(OCC(N1)(C)C)(C2=CC=C(C=C2)F)O,7.376750709602099
CNCCC(C1=CC(=C(C=C1)Cl)Cl)N2N=C(N=N2)N3N=CC=N3,7.037630664329979
CCSC1=CC=C(C=C1)C2CC3CCC(C2C(=O)OC)N3CC=C,5.958607314841775
CC1=CC=C(C=C1)C2CC3CCC4C2C(=O)CN34,6.269217724333611
C1CN2CC3=C(C1(C2)C4=CC=C(C=C4)Cl)C=CC(=C3)C5=CC=C(C=C5)CS(=O)[O-],6.361710464585743
C1CN(CCC1CCOC(C2=CC=C(C=C2)F)C3=CC=C(C=C3)F)CC4=CC5=CC=CC=C5S4,7.924453038607469
C1CN2CCC1(C3=C(C2)C=C(C=C3)C4=CN=C(C=N4)N)C5=CC=C(C=C5)Cl,7.3223930472795065
CN1C2CC(C(C1C(C2)O)C(=O)OC)C3=CC=C(C=C3)F,6.934351101700303
C1COC(CN1)CN2C3=CC=CC=C3N(S2(=O)=O)C4=CC=CC=C4,6.2842602197090045
C1CC2CC(CC1N2)OC3=CC(=CC=C3)Cl,6.42021640338319
CNCC1(CCCCC1)C2=CC(=C(C=C2)F)Cl,6.769551078621726
CN1C2CCC1C(C(C2)C3=CC=C(C=C3)F)C(=O)OC,7.7634186655476976
C1CN(CCN1)CCC2=CC3=C(C=C2)C=C(C=C3)F,4.619788758288394
CC1=NOC(=C1)C2C3CCC(S3)CC2C4=CC(=C(C=C4)Cl)Cl,7.1779506488425415
